{
  "headline_add": {
    "name": "headline_add",
    "ops": 17179869184,
    "sec": 0.034732032775878906,
    "gops": 494.64047482793086,
    "tops": 0.49464047482793083
  },
  "headline_mul": {
    "name": "headline_mul",
    "ops": 17179869184,
    "sec": 0.013242367744445802,
    "gops": 1297.3411942290827,
    "tops": 1.2973411942290827
  }
}